{
  "format": "unipackage-slice-pre1",
  "packageVariables": [
    {
      "name": "key"
    }
  ],
  "uses": [
    {
      "package": "meteor"
    },
    {
      "package": "deps"
    },
    {
      "package": "startup"
    },
    {
      "package": "templating"
    },
    {
      "package": "handlebars"
    },
    {
      "package": "page-js-ie-support"
    },
    {
      "package": "underscore"
    },
    {
      "package": "HTML5-History-API",
      "weak": true
    }
  ],
  "resources": [
    {
      "type": "prelink",
      "file": "browser/packages/router.js",
      "length": 43105,
      "offset": 0,
      "servePath": "/packages/router.js",
      "sourceMap": "browser/packages/router.js.map"
    }
  ]
}