{
  "builtBy": "meteor/10",
  "sliceDependencies": {
    "browser.json": {
      "files": {
        "/media/nicolsondsouza/Last/Nicolson/ubuntu/meteor/hashmania/packages/router/package.js": "58ad86f00ae9788a92000c9a7dbacf1792a4ab67",
        "/media/nicolsondsouza/Last/Nicolson/ubuntu/meteor/hashmania/packages/router/lib/router_client.js": "2ae48bcff8e96afcfefeb620f6a17f9482d40bce",
        "/media/nicolsondsouza/Last/Nicolson/ubuntu/meteor/hashmania/packages/router/lib/router_helpers.js": "95499f3d33a87baaf409764ec8e276fcd703a435",
        "/media/nicolsondsouza/Last/Nicolson/ubuntu/meteor/hashmania/packages/router/lib/router_common.js": "98dbbbde3bc3b6ee06a5414bb257ce5b04bfebe5",
        "/media/nicolsondsouza/Last/Nicolson/ubuntu/meteor/hashmania/packages/page-js-ie-support/package.js": "6362114403a5c2460ea5ac9d5932ae0ce6c9aa05"
      },
      "directories": []
    },
    "os.json": {
      "files": {
        "/media/nicolsondsouza/Last/Nicolson/ubuntu/meteor/hashmania/packages/router/package.js": "58ad86f00ae9788a92000c9a7dbacf1792a4ab67",
        "/media/nicolsondsouza/Last/Nicolson/ubuntu/meteor/hashmania/packages/router/lib/router_server.js": "a4e1dd38ed3bdd0b361597a671c766fa0f070bdb",
        "/media/nicolsondsouza/Last/Nicolson/ubuntu/meteor/hashmania/packages/router/lib/router_common.js": "98dbbbde3bc3b6ee06a5414bb257ce5b04bfebe5"
      },
      "directories": []
    },
    "tests.browser.json": {
      "files": {
        "/media/nicolsondsouza/Last/Nicolson/ubuntu/meteor/hashmania/packages/router/package.js": "58ad86f00ae9788a92000c9a7dbacf1792a4ab67",
        "/media/nicolsondsouza/Last/Nicolson/ubuntu/meteor/hashmania/packages/router/tests/router_client_tests.js": "88ecbf3d54fa7b8d1145e67da200664b0c819300",
        "/media/nicolsondsouza/Last/Nicolson/ubuntu/meteor/hashmania/packages/router/tests/router_common_tests.js": "7d2c9e96a2a62a2893294f46133f8eadc00ddeee"
      },
      "directories": []
    },
    "tests.os.json": {
      "files": {
        "/media/nicolsondsouza/Last/Nicolson/ubuntu/meteor/hashmania/packages/router/package.js": "58ad86f00ae9788a92000c9a7dbacf1792a4ab67",
        "/media/nicolsondsouza/Last/Nicolson/ubuntu/meteor/hashmania/packages/router/tests/router_server_tests.js": "d26131ec1ace47f3d3775510ce7e0a660a0402e9",
        "/media/nicolsondsouza/Last/Nicolson/ubuntu/meteor/hashmania/packages/router/tests/router_common_tests.js": "7d2c9e96a2a62a2893294f46133f8eadc00ddeee"
      },
      "directories": []
    }
  },
  "pluginDependencies": {
    "files": {
      "/media/nicolsondsouza/Last/Nicolson/ubuntu/meteor/hashmania/packages/router/package.js": "58ad86f00ae9788a92000c9a7dbacf1792a4ab67"
    },
    "directories": []
  },
  "pluginProviderPackages": {
    "router": "/media/nicolsondsouza/Last/Nicolson/ubuntu/meteor/hashmania/packages/router",
    "meteor": "/home/nicolsondsouza/.meteor/packages/meteor/8d218f7023",
    "deps": "/home/nicolsondsouza/.meteor/packages/deps/28917ffc5f",
    "startup": "/home/nicolsondsouza/.meteor/packages/startup/170e69b24f",
    "templating": "/home/nicolsondsouza/.meteor/packages/templating/19ef24600c",
    "handlebars": "/home/nicolsondsouza/.meteor/packages/handlebars/41a928d631",
    "page-js-ie-support": "/media/nicolsondsouza/Last/Nicolson/ubuntu/meteor/hashmania/packages/page-js-ie-support",
    "underscore": "/home/nicolsondsouza/.meteor/packages/underscore/381c001cdc",
    "webapp": "/home/nicolsondsouza/.meteor/packages/webapp/9dd975a6fc",
    "test-helpers": "/home/nicolsondsouza/.meteor/packages/test-helpers/46c1c9b2f0",
    "tinytest": "/home/nicolsondsouza/.meteor/packages/tinytest/2b0be057f9",
    "session": "/home/nicolsondsouza/.meteor/packages/session/5b49f7847a",
    "http": "/home/nicolsondsouza/.meteor/packages/http/398da11f4c"
  },
  "source": "/media/nicolsondsouza/Last/Nicolson/ubuntu/meteor/hashmania/packages/router"
}