{
  "format": "unipackage-slice-pre1",
  "packageVariables": [
    {
      "name": "context"
    },
    {
      "name": "Fiber"
    }
  ],
  "uses": [
    {
      "package": "meteor"
    },
    {
      "package": "underscore"
    },
    {
      "package": "webapp"
    }
  ],
  "node_modules": "npm/node_modules",
  "resources": [
    {
      "type": "prelink",
      "file": "os/packages/router.js",
      "length": 35480,
      "offset": 0,
      "servePath": "/packages/router.js",
      "sourceMap": "os/packages/router.js.map"
    }
  ]
}